com.longevitysoft.android.appwidget.hstfeed.activity.BaseActivity,false,false,false,false,false,
com.longevitysoft.android.appwidget.hstfeed.activity.HSTFeedConfigureBase,false,false,false,false,false,
com.longevitysoft.android.appwidget.hstfeed.activity.HSTFeedConfigureImages,false,false,false,false,false,
com.longevitysoft.android.appwidget.hstfeed.activity.HSTFeedConfigureImagesOptions,false,false,false,false,false,
com.longevitysoft.android.appwidget.hstfeed.activity.HSTFeedConfigureLg,false,false,false,false,false,
com.longevitysoft.android.appwidget.hstfeed.activity.HSTFeedConfigureMed,false,false,false,false,false,
com.longevitysoft.android.appwidget.hstfeed.activity.HSTFeedConfigureSm,false,false,false,false,false,
com.longevitysoft.android.appwidget.hstfeed.activity.HSTFeedFullsizeDisplay,false,false,false,false,false,
com.longevitysoft.android.appwidget.hstfeed.activity.HSTFeedWidgetInfo,false,false,false,false,false,
com.longevitysoft.android.appwidget.hstfeed.activity.HSTFeedWidgetTouchOptions,false,false,false,false,false,
com.longevitysoft.android.appwidget.hstfeed.adapter.ImageAdapter,false,false,false,false,false,
com.longevitysoft.android.appwidget.hstfeed.appwidget.HSTFeedBase,false,false,false,false,false,
com.longevitysoft.android.appwidget.hstfeed.appwidget.HSTFeedLg,false,false,false,false,false,
com.longevitysoft.android.appwidget.hstfeed.appwidget.HSTFeedMed,false,false,false,false,false,
com.longevitysoft.android.appwidget.hstfeed.appwidget.HSTFeedSm,false,false,false,false,false,
com.longevitysoft.android.appwidget.hstfeed.async.BitmapCacheWorker,false,false,false,false,false,
com.longevitysoft.android.appwidget.hstfeed.async.DownloadHSTFeedXML,false,false,false,false,false,
com.longevitysoft.android.appwidget.hstfeed.async.HSTFeedXMLWorker,false,false,false,false,false,
com.longevitysoft.android.appwidget.hstfeed.Constants,true,false,false,false,false,
com.longevitysoft.android.appwidget.hstfeed.handler.HSTFeedXMLWorkerHandler,false,false,false,false,false,
com.longevitysoft.android.appwidget.hstfeed.provider.ImageDB,false,false,false,true,false,
com.longevitysoft.android.appwidget.hstfeed.provider.ImageDBUtil,true,false,false,false,false,
com.longevitysoft.android.appwidget.hstfeed.service.HSTFeedService,false,false,false,false,false,
com.longevitysoft.android.appwidget.hstfeed.service.HSTImage,false,false,false,false,false,
com.longevitysoft.android.appwidget.hstfeed.util.HSTFeedUtil,false,false,false,false,false,
