info.meoblast001.thugaim.CheckpointReached,false,false,false,false,false,
info.meoblast001.thugaim.GameOver,false,false,false,false,false,
info.meoblast001.thugaim.HealthBar,false,false,false,false,false,
info.meoblast001.thugaim.IDamageable,false,false,false,false,false,
info.meoblast001.thugaim.Instructions,false,false,false,false,false,
info.meoblast001.thugaim.LevelDescriptor,false,false,false,false,false,
info.meoblast001.thugaim.PlayAreaShield,false,false,false,false,false,
info.meoblast001.thugaim.Player,false,false,false,false,false,
info.meoblast001.thugaim.Projectile,false,false,false,false,false,
info.meoblast001.thugaim.Station,false,false,false,false,false,
info.meoblast001.thugaim.StationGraph,false,false,false,false,false,
info.meoblast001.thugaim.Thugaim,false,false,false,false,false,
info.meoblast001.thugaim.ThugaimRuntime,false,false,false,false,false,
info.meoblast001.thugaim.Vehicle,false,false,false,false,false,
info.meoblast001.thugaim.engine.Actor,false,false,false,false,false,
info.meoblast001.thugaim.engine.Audio,false,false,false,false,false,
info.meoblast001.thugaim.engine.Engine,false,false,false,false,false,
info.meoblast001.thugaim.engine.Graphics,false,false,false,false,false,
info.meoblast001.thugaim.engine.IGameRuntime,false,false,false,false,false,
info.meoblast001.thugaim.engine.ShutdownHandlingActivity,false,false,false,false,false,
info.meoblast001.thugaim.engine.World,false,false,false,false,false,
info.meoblast001.thugaim.npc.HeliumFighter,false,false,false,false,false,
info.meoblast001.thugaim.npc.HydrogenFighter,false,false,false,false,false,
info.meoblast001.thugaim.npc.NPCVehicle,false,false,false,false,false,
